path,bytes,sha256,disposition
acceptance-report.md,9162,432f82f7e6c4a4a7ca3304e93a08abaf717e83e826b8500681cfc5f247941b5e,local-history-only
assets-polish.md,5393,e743db8edecf16de1de85142c572e8ac02de1648968a047ab103eb0a773b405a,local-history-only
assets-refine.md,1469,8933708e5c3a34305cc9496dbcb7ee4f9f54764653e280cac7f11f6803ffd3bd,local-history-only
assets.md,6756,e6e197e16b048f35b4abf2507dab1c9c539d56e3fc0185bafa2534787da79efc,local-history-only
blueprints/build-concept.png,1691510,18e78464b3e62667eb5f163186b1163b4ea5b367ced1e286c836acbcd1a1d9c0,included
blueprints/failure-concept.png,1869767,5776cf240a0e2192517065a60f8e20b39db05f93d14b610b57a9dd9883167c0c,included
blueprints/pause-concept.png,1567760,78fb751be01f40f61ba3fccfb41af32e95778b7e70197245a1379db0c4d8deae,included
blueprints/upgrade-concept-v2.png,1728003,97163832511c6774888ae7b307024a4f5d60b16f38dbb6857dbd40b5d78f17e8,included
blueprints/victory-concept.png,2008150,af1c87171ec25bf5d4f5608068a3d0c9209f211f28209d164999bd92f36b5f22,included
build-report.md,4402,8a2d895ef010edbd25f6bc00d702a8a9c03bc69f573c49a3e4bdf9376263e034,local-history-only
cadence-compare.html,2957,d63e7573b52372bdc6ea380aba5a9d099d3c5746a12f0fb613ed706fea70240a,local-history-only
cadence-report.md,2925,629164098254ec41e7f04d86de7a57ed3ced103139424ac1db7b13c843e64511,local-history-only
confirmed-direction.md,1867,184755f8d668327e669c8962b54999ba302a170e67af33c696fc70c65be222e6,local-history-only
evidence/1440x810-dpr1-build.png,789491,b062862a9658b154243f9cb7267af6d0b5b55e6c86dc3aa876ef6c8166a94e11,local-history-only
evidence/1440x810-dpr1-failure.png,477547,f3e1d0a0e80ec325db5986a9959d55efd037f9e27d1f9add0acdab88b5655b9d,local-history-only
evidence/1440x810-dpr1-pause.png,610331,b8cf3fe9e24df22bb592a965c7195781df9b3906c3eb9889491d396a01f61a03,local-history-only
evidence/1440x810-dpr1-upgrade.png,690849,4301ace723bf51ea39792b240a28689624cfd53b087e90454165354469003584,local-history-only
evidence/1440x810-dpr1-victory.png,835379,1e692480a54cb65072daaafc108e62baac3c0b6af897460599b116aa60b77104,local-history-only
evidence/1440x810-dpr1.5-build.png,1585719,516fd18e7be04af50c9ec5d06a66e8a179a6639679fbdf4aec412ae89bfed766,local-history-only
evidence/1440x810-dpr1.5-failure.png,938457,a596ae2780c72581964abf430e0c07b105058beb1b4f4a2ac1d3617ac0e3af36,local-history-only
evidence/1440x810-dpr1.5-pause.png,1310270,914d9fe90422cf9b56523d4fd2255f4bc0ed003c552997971043048dfafa9539,local-history-only
evidence/1440x810-dpr1.5-upgrade.png,1462446,78efb72c465ab5644575abfd4e18709a0a30437d0a59983b603f3b16bae4c116,local-history-only
evidence/1440x810-dpr1.5-victory.png,1737819,5d9005c71caac00f25e735e5643fc2f7d9334678a77d17a381e0747a98fe1e3b,local-history-only
evidence/1440x810-dpr2-build.png,2507603,c4fe9ec3ec36e06d5100af4d1cbd4a439452cc25a59a205234507d7b82259af1,local-history-only
evidence/1440x810-dpr2-failure.png,1415497,8e05d271569541cf845af401a2f6e434a3a7a7d4d8b97d829b03259084895ba9,local-history-only
evidence/1440x810-dpr2-pause.png,1978695,0678b967707324ad46ec50c48c73ee61daf929fb682902cd0140b978c213204e,local-history-only
evidence/1440x810-dpr2-upgrade.png,2108179,242fc415225a0e36efd1f88f39006270560768d256b5e3eb53cbec268a40bce0,local-history-only
evidence/1440x810-dpr2-victory.png,2782317,bf9f2f06657f405998632fae7b047ba97754e417ab02b7a06c2052042d42060c,local-history-only
evidence/1920x1080-dpr1-build.png,1330361,b41a8c96f77430f86f10bbaa97dc30cf1ffb60d42b6349ed769e9c9d3882ae12,local-history-only
evidence/1920x1080-dpr1-failure.png,752697,9cf3fe343006964946a4dba670f6624a0d075ea4e2da46150612cf0d13b42565,local-history-only
evidence/1920x1080-dpr1-pause.png,1019964,f8e94c5cd84953cc484c894cd5385568da688c008fa20eaac152cdcb7525d69c,local-history-only
evidence/1920x1080-dpr1-upgrade.png,1090276,9bebd11a8be6cbf3b9367e743b014eee46f4246b75062935d049a120510a65be,local-history-only
evidence/1920x1080-dpr1-victory.png,1394676,01ad2376ebc89cb95a60aaef51a373c0e210beec8747d3e54f61813b8fdcab43,local-history-only
evidence/1920x1080-dpr1.5-build.png,2507603,9df33d4d024d4a1c87c977572ffc74fa38fac039a9fbdfd942a610d19ac4dd0a,local-history-only
evidence/1920x1080-dpr1.5-failure.png,1415497,8e05d271569541cf845af401a2f6e434a3a7a7d4d8b97d829b03259084895ba9,local-history-only
evidence/1920x1080-dpr1.5-pause.png,1978695,0678b967707324ad46ec50c48c73ee61daf929fb682902cd0140b978c213204e,local-history-only
evidence/1920x1080-dpr1.5-upgrade.png,2108179,242fc415225a0e36efd1f88f39006270560768d256b5e3eb53cbec268a40bce0,local-history-only
evidence/1920x1080-dpr1.5-victory.png,2782267,918daf3141fa01173477a09da1d63305ab6efe45811cf1eeabcbe62ff4ee11ac,local-history-only
evidence/1920x1080-dpr2-build.png,3859037,0a8776ef8cf7e59af46e3909810bdad23add8d090e14014b090724f857f4bfa6,local-history-only
evidence/1920x1080-dpr2-failure.png,2178033,1915e0e1c1c27b6af45f7178e8e95f3c6e84f1a38e56b553131f768d3fc4bad4,local-history-only
evidence/1920x1080-dpr2-pause.png,3059093,e83d434a64fbf07fc9b4801f56881dfd31b0f46f4db85c2e14f5784673600dc2,local-history-only
evidence/1920x1080-dpr2-upgrade.png,3231151,7b49f7c2e6d0c19ad12e9bb49d12fecc1dbf408fd085fea3577595702a8701d0,local-history-only
evidence/1920x1080-dpr2-victory.png,4432904,307650c0b72423a64a944febc0c7bba9dd824d507953eb826ecb93735be22039,local-history-only
evidence/960x540-dpr1-build.png,407300,d58534f7f3c0cb154dd72da016f8f72fae6f471426ab281409d374e094c62763,local-history-only
evidence/960x540-dpr1-failure.png,237098,2fec490b4d29cfc75c05b34263d20a436860fb16e3e911e9ef64ed36500d2174,local-history-only
evidence/960x540-dpr1-pause.png,310466,61df978c3e15bc2f8c8ae09b7c1d46276f58fad88f5dbac71e4f5596277070ce,local-history-only
evidence/960x540-dpr1-upgrade.png,323908,df2b8252b88cebb1ce171499eb32616cd3cefe2dc127cfe9463609e463d98bfc,local-history-only
evidence/960x540-dpr1-victory.png,425824,a7cc770bc51c20076bab6fd62f08b9bade3337f2e9ab5dd302296b845e64fc35,local-history-only
evidence/960x540-dpr1.5-build.png,790550,10d9eba7e56d6a416f908b509716cf6e8b4461a146543b1f974382edc1bd9f06,local-history-only
evidence/960x540-dpr1.5-failure.png,479436,b139f7551109ae2bc9eeaeee10a695a2917b77bf3bb481287380df70c88a599b,local-history-only
evidence/960x540-dpr1.5-pause.png,610331,b8cf3fe9e24df22bb592a965c7195781df9b3906c3eb9889491d396a01f61a03,local-history-only
evidence/960x540-dpr1.5-upgrade.png,690849,4301ace723bf51ea39792b240a28689624cfd53b087e90454165354469003584,local-history-only
evidence/960x540-dpr1.5-victory.png,835379,1e692480a54cb65072daaafc108e62baac3c0b6af897460599b116aa60b77104,local-history-only
evidence/960x540-dpr2-build.png,1330012,bd6bd8b1b41730b54d694505a5f303b832e97237a867e71385aafbb94fdb0634,local-history-only
evidence/960x540-dpr2-failure.png,756520,7689589c5350c6ee5507f0fa00baa99d22c0d5f07233ddbd1478f32e3d2be62e,local-history-only
evidence/960x540-dpr2-pause.png,1019961,6acd3d0198e22af5614dd2407dd24ed186de427a78d1c8442336b575c6296575,local-history-only
evidence/960x540-dpr2-upgrade.png,1087993,590d2a425998b335fbf418faeec3fc276020099d4f12db1ced32563d83a96ca7,local-history-only
evidence/960x540-dpr2-victory.png,1394676,01ad2376ebc89cb95a60aaef51a373c0e210beec8747d3e54f61813b8fdcab43,local-history-only
evidence/baseline-natural-hud.png,418447,4e03688b58873e28c7ff73677b1a30107ef8979138e478347fd0e76a9997068c,local-history-only
evidence/baseline-title.png,421185,4abaed2032bc6f59550c1ce4c791bfd6e50c7fb6a1d76f0be6e8de35879fef69,local-history-only
evidence/build-dense-rifle-scrolled.png,397485,5659e424d26add55cab59a917eb616d2f072ac33a40ff1be866eceedfd988dfd,local-history-only
evidence/build-initial.png,396009,ee06003e61dc2efd7ce774fa57f777012d23cb6047994c31adf806e3b46ac415,local-history-only
evidence/cadence/build-dense-rifle-scrolled.png,527562,44c04abf7a7b88990e5864b250cc62b74d943edbf0222a41b4ea4cb6db298409,local-history-only
evidence/cadence/cadence-check.json,36009,80854820116a35723819c3634f068f1577717dc5639bdde23e7e1eae2d6ce657,included
evidence/cadence/diff-check.txt,574,454be2723b06b6ba4bfea36cca05d9eecd91ea9fd95fad4fc350b5d8f5a81149,local-history-only
evidence/cadence/failure-result-interaction.png,455116,d0e8d590ef56d9d366210dd1ee7c2f945bcd5978c933027defeb01d56a7a89f2,local-history-only
evidence/cadence/fallback-build-detached-visible.png,180056,993c2f562cd914f1368ad6b1078c567dccb1c46f96e32a9df006e8159dcf84b6,local-history-only
evidence/cadence/fallback-dom-pause.png,161080,b758840c07488cdfcad2ff9e9c9d5ff4f9c82552cfc45db91cad2f5c614fe514,local-history-only
evidence/cadence/fallback-dom-victory.png,142074,07c3195adf8bf050a75985d98b3d7cbb1f4d60188d2904026c7e1977da2d1720,local-history-only
evidence/cadence/fallback-missing-material.png,262588,cb85f392b20c91e923b1d2829246289f9557a0103e8b561c38948230c06400cb,local-history-only
evidence/cadence/fallback-phaser-upgrade.png,119439,ade08627b0c4fcd7017693b05106207dbf283f5269438ed56efba10d34aa8998,local-history-only
evidence/cadence/fallback-texture-pause.png,214473,5ff78904a830b137b1489530e5d26379fb6a6fa10caee5acf2ac6114fa785921,local-history-only
evidence/cadence/fallback-texture-victory.png,289316,9c555771cf63f08f0700282e19c0054086856ab2d2cfc42857cd4be50b7b1481,local-history-only
evidence/cadence/final-checks.json,423,1d7430d99a7944c5e1ef0c4a720e734bbb8a837beab6c3ce55f0688c400175b1,local-history-only
evidence/cadence/git-status.txt,700,c51b24f0bdfbc8c6cd71775ce765a95402f3473fb1dfca2f3cf83fe80afb09c6,local-history-only
evidence/cadence/interaction-results.json,1602,4d3f201b58feb0d0f83e73a97e87bd18bfd0ae8c252fc34887287ad40b86ae20,local-history-only
evidence/cadence/natural-ui-start-and-movement.png,97829,967c98961b7d151d4849e6cfc5bfa429809039773ee961689b86ae510d513095,local-history-only
evidence/cadence/npm-test.txt,74071,a9b2eed4f65d9c219344ff1a828bfc5354cb10909d8d8f681ae33c1609726cc2,local-history-only
evidence/cadence/pause-natural-after-camera-move.png,341335,0e7bf090352d5c1ecc9fad90e7fbe406a96b2914e58475ecabe18c8544877808,local-history-only
evidence/cadence/pistol-1440-dpr1-card.png,147694,210bc5f984ce4704df9275bb9e1dea8ba11867e6b01707df879e8c61a2e8bcfd,local-history-only
evidence/cadence/pistol-1440-dpr1.5-card.png,299040,d8794f36340eefae262005c0a965555b8218a8aa15b164cf273b4552df75fb9e,local-history-only
evidence/cadence/pistol-1440-dpr1.5.png,2138133,4bbee7b4f7f030a77fb5781e59b05f30c9e170d207c20abef197ceedd837fd5b,local-history-only
evidence/cadence/pistol-1440-dpr1.png,1058392,c51e8dad6265a236dddf71890cabe50c3bbbf3758108a098c8bec5c0a4758273,local-history-only
evidence/cadence/pistol-1440-dpr2-card.png,479745,4f50a4bfc3927ee5ffb0b50cfe3c7a1a6d382ad9fe4f3eda9edec5d4464be377,local-history-only
evidence/cadence/pistol-1440-dpr2.png,3385348,4d01f349aaf7fe56f1e60745c7065bb6187ec2b87b88f83c804c52b5fd9460ff,local-history-only
evidence/cadence/pistol-960-dpr1-card.png,72500,58a39611a7445b7950af3f7ef4323d126b193cab37f90f9354463e3aca709869,local-history-only
evidence/cadence/pistol-960-dpr1.5-card.png,147757,e9bfdb1a4f59e083c075af63b3d5d00b9cd8773ad92d4f84a634dd48df2933f7,included
evidence/cadence/pistol-960-dpr1.5.png,1058449,9154691e1b03052dc96b068122dfa4e25dd3aca77ac5b50ceffc75d67cc2595c,local-history-only
evidence/cadence/pistol-960-dpr1.png,480667,9db1a3969779c945a4954b825a93de3a8b157c6628da33445b77fc5bb48523bf,included
evidence/cadence/pistol-960-dpr2-card.png,244749,5a530b96949200243cb9cf78b406a78c16565680efa67252a24b82661383cefe,local-history-only
evidence/cadence/pistol-960-dpr2.png,1686154,644bb7c5146166327ca906677a6a263ce013fccd0e004a4be4d707c3e6b34ebf,local-history-only
evidence/cadence/pistol-attackSpeed-80-to-80-card.png,79696,5f8c50122148a9f6b6e25d77a5a58213132dca6fc9cf541b2191ca2231ce930f,local-history-only
evidence/cadence/pistol-attackSpeed-80-to-80.png,496390,bcfef73a13123b45a75237622a93cb79d6fc6c10e723f7ad45c27113a3900a40,local-history-only
evidence/cadence/pistol-attackSpeed-90-to-80-card.png,71897,8a3335bbd8147b8d9a91f219eed76450804ead4ac5f7ddcad3451bb304adba58,local-history-only
evidence/cadence/pistol-attackSpeed-90-to-80.png,480190,e8066c11f10bccd6c9e5b3762b31ee422422b57329772a54c8fa604142d786bc,local-history-only
evidence/cadence/pistol-hover-card.png,74336,1bf752b92536012d39499fc0550b1517297515a54c825aeef9d016a5b8af94da,local-history-only
evidence/cadence/pistol-missing-weapon-card.png,70548,71cf7b862c9d31afc275d4cc064955f1a1ac0ebad831970fd78a9ad6762b6e08,local-history-only
evidence/cadence/pistol-missing-weapon.png,478836,6cffb1869fc4d546479d2f519c684d88461be56dc61b5e87659d2a48b83fb3fe,local-history-only
evidence/cadence/production-build-dpr2.png,1799129,6c7e93108152ce9846b855fc05e20043f91b657c51dcacfc41a5bca60f54eee9,local-history-only
evidence/cadence/production-build.txt,1049,9b5b41a3bfc20240f015059a4e73d04230f6fcae58814ffa0afabd9ad14951cf,local-history-only
evidence/cadence/production-pause-dpr2.png,1184339,4b1b8357a4f267529205f88509285626405c3ce7f725b3fd418ff9f6a92b0dc2,local-history-only
evidence/cadence/production-smoke.json,1278,bd260eee3541382d1e9def0e06d3fa22a20a491c2872d0129a002ef9f2d1a02c,local-history-only
evidence/cadence/production-title-dpr2.png,1218008,454ad9d98748ff06d54fc1373d4b31f7a8163eef3145d6b803cefd76fa75be82,local-history-only
evidence/cadence/tesla-1440-dpr1-card.png,151983,ee87e871268260e16d5d8311d4f219575974bb937d5d2da0208f6a377d5b5671,local-history-only
evidence/cadence/tesla-1440-dpr1.5-card.png,307908,bfc3a90991d6012ac300b12eba2812dc95fbd06631a9cb817b2aba65a0ada510,local-history-only
evidence/cadence/tesla-1440-dpr1.5.png,2102001,97755d8047ac744bae5fa31662cb688cc0308bd77410e548bb2fb7bb4a3b9844,local-history-only
evidence/cadence/tesla-1440-dpr1.png,1044765,7c0936424b57728861b2bae2cc04caf0f2b8fb14b98d04903b925df8ae247b90,local-history-only
evidence/cadence/tesla-1440-dpr2-card.png,492799,2341479e5a72dcdc67d8c86059ff1264eedac3ae46b9b883afab14f1767dc3c9,local-history-only
evidence/cadence/tesla-1440-dpr2.png,3298528,2231d13cf33f78c05b631e8edadc954a01e6d6184e038671b5b04a8ed0d62925,local-history-only
evidence/cadence/tesla-960-dpr1-card.png,74940,b2715bdbb08fbf046949365df2af92381822bcaa0291631b6c80d56c7202a6b9,local-history-only
evidence/cadence/tesla-960-dpr1.5-card.png,152048,e8f017192d8794cd849db6c37f962abf298cc543bf2e28d69f674fa75a91d78f,included
evidence/cadence/tesla-960-dpr1.5.png,1044899,0d2dd3e76e9f45f2973b3855000d8aef5804e3dcf9b0afd63b0fb737ad96d387,local-history-only
evidence/cadence/tesla-960-dpr1.png,477797,270b9bc6dc1fb918825a0ce72f0df2dc1365a9f9eddffbedb22d3e1c1fceefa9,local-history-only
evidence/cadence/tesla-960-dpr2-card.png,251880,5b67868006d61da90cf6d92ec9b8cdf42b090415ff46e9900b23852e05ab0aff,local-history-only
evidence/cadence/tesla-960-dpr2.png,1656103,94470a155a13285f73acfc85123b864ed6e6f14c6d27e85bef9e628a381f193d,local-history-only
evidence/cadence/tesla-attackSpeed-200-to-180-card.png,74997,21615d15ab1e52da12e088563e01f8e3b47e77bfed769db585a73c9ed3d5e7e3,local-history-only
evidence/cadence/tesla-attackSpeed-200-to-180.png,477607,5db33901724b4894c42146864916dcd9269457f215228b5156ce02d5abbb9fa3,local-history-only
evidence/cadence/tesla-cap-and-mutation.png,480474,90a0cdd3962300e2a7a3c47388fc91564efebbd5537ab721c1fea56e3074e131,local-history-only
evidence/cadence/tesla-disabled-cap-and-active-mutation.png,506026,d9834a534b8036b955e00e6e9be8f2bc87e45da4873f653a216ff3e97e787846,local-history-only
evidence/cadence/tesla-hover-card.png,76206,9d379b5dd6bc0d35f64a889e024a7a81acf3bf8dc0f7a170e349837f7d49dead,local-history-only
evidence/cadence/tesla-missing-weapon-card.png,70855,ffd35cabb8c689cc652495989b1de4255fe05ab64a66da040e4b1a6c1b390246,local-history-only
evidence/cadence/tesla-missing-weapon.png,463206,ec2043f0d8f9be69955e4eca800ea69472ca0bfd58b99aa96e4f069404800448,local-history-only
evidence/cadence/tesla-teslaCooldown-180-to-180-card.png,81388,894330baf699530130d6e8807bc2bb90f1d7fac95f1a86c508cffb247bf51bf1,local-history-only
evidence/cadence/tesla-teslaCooldown-180-to-180.png,493087,ad155662461f7c09a5a631072227c8c335d5ef83e9f180b31c95c584cd98f934,local-history-only
evidence/cadence/tesla-teslaCooldown-190-to-180-card.png,75592,cec15d0d03a623807340e9832f7b56016f6920d36145fba56aae380ca67badd7,local-history-only
evidence/cadence/tesla-teslaCooldown-190-to-180.png,478473,4fe7605793dfcdfdc2601dae2db3c33d01013d03b12d30a2480bda65af1e8b2e,local-history-only
evidence/cadence/u1-rifle-selected.png,881008,725cf0ca31bc5506337bfc2c8458389eb3246995babc44f65fdc2165ec36c8cd,local-history-only
evidence/cadence/upgrade-focus.png,496273,7ceea8a6c2bf85de7265f81e7aa0bac185335fc5d346efcbf9e7fa0cb48c358f,local-history-only
evidence/cadence/upgrade-hover.png,495583,2ee2548fe56f361137be68955b25982ed4be20bfbf3436b39802a7249334c621,local-history-only
evidence/cadence/upgrade-pressed.png,503687,c727b1a2510fbefa46b7dfc2f195b6aff993beae45d324775c30ac1b769ac5ee,local-history-only
evidence/cadence/upgrade-rerolls-exhausted.png,471798,06d44a5f92c575602271a3f1f944eef9c0875c35b8338dc04bca41bd65a40d15,local-history-only
evidence/cadence/upgrade-selected.png,517762,9ac24a3d4d153075a7b63b1636110b7be37eb302fe769a0d4938f73b2788c815,local-history-only
evidence/cadence/user-feedback.png,177333,ac6b4948110e40d14fd0c51771195c07a1453b0b95cf30a763ac3f9abee57f0a,local-history-only
evidence/cadence/victory-result-interaction.png,538862,f5d416edfccd6f63eb0ca789606ba1b0aad3f72eae93609697b518b83e4db755,local-history-only
evidence/diff-check.txt,460,62e889e980e2a8dcdefb80cff8a71d38527c3c95f56641d5d7854d0efb18ab30,local-history-only
evidence/display-matrix.json,13643,1a4e8f8cbc4709d55a01a2d93d37ae4a5c04e318a6b90090de08812e8b3bf38c,local-history-only
evidence/extra-rifle-capped-and-mutation.png,386798,61a1078a789937f51cffaeeb729e8275ee83452d51b27a9a33c60b50fe73262d,local-history-only
evidence/extra-state-results.json,3707,8a6b01cf26d10e5486eb03aae1443a6bdb9e9460dacebe34de2fb7790bc94df5,local-history-only
evidence/extra-tesla-build-bottom.png,394645,66c1c591a3e0cfa154a9f55119ebffdef69ace1e7eca882b851d266e1ae8c58a,local-history-only
evidence/extra-tesla-build-top.png,395905,12a8420b72de93d58f605cbd59e54b75e8be673502046418ce9041d113e9ae0b,local-history-only
evidence/extra-tesla-upgrade-normal.png,312219,debf9cd32ae3a825bbb8bd688c0e0b4ced52a417adb33291446152d920397e42,local-history-only
evidence/extra-upgrade-long-description.png,406740,e5f238766106a888240b1c8d6888144f7ca82e8994867aad451c954cc2cd3aef,local-history-only
evidence/failure-initial.png,236733,a9c1645fcf6fee80ca9740aa889d6812898a98a9c3a202ab59f662ccb36786b5,local-history-only
evidence/failure-result-interaction.png,236921,2b65c496e4826210b0d0bb237d683260b9eb104fe623fd84e7d02b5cd891acae,local-history-only
evidence/fallback-build-detached-visible.png,175221,43932e019a5e84adbcce7a323a4b6ce15198c2f4a21b6b7594a5c42ab29cf49e,local-history-only
evidence/fallback-dom-pause.png,154241,caa20a5178cbe02707ad9d04c7eb1c3feb653ed6c8fb76e7f3d72a318d2150dc,local-history-only
evidence/fallback-dom-victory.png,142164,7705fd85868182cd92743687ea1758644f5f7ab7cc804b6a46cc391b79186f76,local-history-only
evidence/fallback-missing-material.png,215775,1a4db2314ae42c1e07d963711501eeb693d6e4765df78a09dfafac21cc58ab93,local-history-only
evidence/fallback-phaser-upgrade.png,124066,5e71284326c1803c8d871cd6017957d239753222cee5dc647b7b02365a5a3deb,local-history-only
evidence/fallback-texture-pause.png,184510,25890b2bfe524a3dee963fdb14ea12891ad585f018cba20ae5da5efb618c090e,local-history-only
evidence/fallback-texture-victory.png,299594,ba07b0e267619bdada2b646a71b14da2acdd1429230f248effbd0b5cc25480b2,local-history-only
evidence/final-checks.txt,155,e5844a3bb5068c5e573c182e94433cb45f8fea32d4806fb21ff0d969d3533236,local-history-only
evidence/final-git-status.txt,6773,38318aaf46b459117b7c114db990196c74951f3825de5dc7385d5fb00e2451c1,local-history-only
evidence/initial-browser-errors.json,2,4f53cda18c2baa0c0354bb5f9a3ecbe5ed12ab4d8e11ba873c2f11161202b945,local-history-only
evidence/interaction-results.json,1505,170c8631e853714b768315582df4a227aaf965532336c5ad30c6cb75deb87c3a,local-history-only
evidence/keyboard-results.json,360,ab389d5fbb986ed1f71c0d2fe68c8cc3c4ff15e5a11d4e5fe9c1a1296b75ac4a,local-history-only
evidence/natural-combat.png,95437,57ab7cda9492aed6affe43382e36508232750d4d786dcf4f5dc41a524f4137c9,local-history-only
evidence/natural-first-upgrade.png,317855,d02f10fe8c9214e6bf4a308e292c4def710c139a6dfffbb1d0959275b6197ea9,local-history-only
evidence/natural-play.json,743,006433cb7c4089140c2900b3fb9a8600cac10c1ff8f2b45658934b946b31487c,local-history-only
evidence/natural-start-hud.png,105438,4606560e0c3a5cfeef2a294ad9cfc08f02f5e287d4db35b04763200898cd623a,local-history-only
evidence/natural-ui-start-and-movement.png,98013,3bd3231da895df1652b07903281ec05d7dafbb11bc4d2b2470306fdc07d1b3a4,local-history-only
evidence/npm-test.txt,73606,7195af55361e581f17e0ff2ff89cffa525a15b65c6a6c7712b7325d18de0762d,local-history-only
evidence/pause-initial.png,309850,98debe8c794bbae5f218baa8b80accb2510434ecd2a3100ae834c7c4dd5b0855,local-history-only
evidence/pause-natural-after-camera-move.png,296750,1e2c00bcab71ae8566d968cec5aa9d6efb9ee9e46971877abd5b9168aa384998,local-history-only
evidence/pause-power-outage.png,281455,465383de3ec7a21e17b3e800d529e5b6915bf49d6f85f57312722f2ea6194365,local-history-only
evidence/polish/1440x810-dpr1-build.png,961504,c3069216480eea10fd425179ee8d23dfdf539a622bab470a0b1a0412b3e9051c,local-history-only
evidence/polish/1440x810-dpr1-failure.png,913877,fabc2d9ab9e6e2203d0203e9c221928d40dc4140bcac5603b4704bbe6c2b4871,local-history-only
evidence/polish/1440x810-dpr1-pause.png,677781,65eb20492db9e3180ab403d0a2dfe2d21d6de91bdb71c06839b4d7bd9c00b1a0,local-history-only
evidence/polish/1440x810-dpr1-upgrade.png,982193,8433067fddd4cf7452b54369efa7576f827daa5d7027eb4dc3c79b6aa93df49e,local-history-only
evidence/polish/1440x810-dpr1-victory.png,1149907,ebd1282ebfdb11f10beb090abe2d0d228219d34cc937b34e7d59f294a7f83cd7,local-history-only
evidence/polish/1440x810-dpr1.5-build.png,1919830,15100c9e1a176604b25c859e53271a0711a7cb5bdb73194fcdce6a23e82eb554,local-history-only
evidence/polish/1440x810-dpr1.5-failure.png,1879957,21612f80a78735a728e2e085a5fb880a41db40314a7a976b82caab0534a5fa9c,local-history-only
evidence/polish/1440x810-dpr1.5-pause.png,1373649,d832b57c2fe2a4737714324fd2aa98240716bbf2663f10d00aa8b5348d127f16,local-history-only
evidence/polish/1440x810-dpr1.5-upgrade.png,1987059,c50a4b31d15dce33b87f1f69fcb5c8594d2bca5dca16bd4e4e0f4a58a9a7750a,local-history-only
evidence/polish/1440x810-dpr1.5-victory.png,2459871,0c5a7958c17348b3e010674bef77633c05dd1ee8e63b4c163f700c4b014e37ea,local-history-only
evidence/polish/1440x810-dpr2-build.png,3040862,f02b9ed491ffe1f93a7a7c7316aea72e4251122c765aa488d930821ee01823df,local-history-only
evidence/polish/1440x810-dpr2-failure.png,3031107,5b5d57ce6f5b81256231974cfd93ed0c42eae4f44fe45773e0067defb256f1b9,local-history-only
evidence/polish/1440x810-dpr2-pause.png,2145519,82e5d5e47c512237f55a4513105c57ba899afc436762302b68d787fb9beed351,local-history-only
evidence/polish/1440x810-dpr2-upgrade.png,3143718,07f08250bfdbc6e6782779f140119e8d4539f9a8ae9d9f0677c1dfa4cccf7bc9,local-history-only
evidence/polish/1440x810-dpr2-victory.png,3898881,fdbce8ac63104d411e75307250c6536303881273e1e5b6ecb1093a06002d2d63,local-history-only
evidence/polish/1920x1080-dpr1-build.png,1563815,34bd14161352f06d972cab927849dcb21bb8fb6d9382576d47f7b42fa86d6e39,local-history-only
evidence/polish/1920x1080-dpr1-failure.png,1515862,ae34f9e13d76cf95977df6d73583aeb63f918e176a45d7235489e013765b7e34,local-history-only
evidence/polish/1920x1080-dpr1-pause.png,1103993,df728123ce2b0cddb68724b1f8b10d4f513148bb6c7fe6397987c36fbaf313ca,local-history-only
evidence/polish/1920x1080-dpr1-upgrade.png,1583287,9edb97f7886bdb8bb4d6027f24b652afb5e2ded15411f4e8b48657c9ee113ecc,local-history-only
evidence/polish/1920x1080-dpr1-victory.png,1955863,42db1042c13376944f47c7b0b1bb6303eee3a19c34289897763df7b9ad25c442,local-history-only
evidence/polish/1920x1080-dpr1.5-build.png,3040881,59dc3d1149a8cb51dcbc4a881a176aeda8a1111db32a587dce706f5d17220452,local-history-only
evidence/polish/1920x1080-dpr1.5-failure.png,3031080,3438c11fcf301e9711c2f56b1f2728edf20fa7d24a6462101a33fbf60efd2661,local-history-only
evidence/polish/1920x1080-dpr1.5-pause.png,2145057,ecd54c49b732bf1d448fe0da95da5bc71dd9efd759d8ef42740eb13af856a962,local-history-only
evidence/polish/1920x1080-dpr1.5-upgrade.png,3143535,a7a311b40261c3f4c37678557ac70d63b143d96915d6715f5fd97386e5709b52,local-history-only
evidence/polish/1920x1080-dpr1.5-victory.png,3898868,33f0c79a31fae88d310689d8dbb38dfb0de7b81eefc88636f6c0e12cc43d2056,local-history-only
evidence/polish/1920x1080-dpr2-build.png,4783526,285c13aafcd214efc177dd5815767c3c3dbf1f4944f81a63c057abed445b226e,local-history-only
evidence/polish/1920x1080-dpr2-failure.png,4869720,4098b9c7e48b808711fa905f1785b6e4d28e454ba53eb05ffafb5d545ee2b149,local-history-only
evidence/polish/1920x1080-dpr2-pause.png,3361668,fbb720cb66fd89a1e97670fbac8218b8d5e026cf099353cac35a6f4d3e27df30,local-history-only
evidence/polish/1920x1080-dpr2-upgrade.png,4882338,c76c50bce76212723e31b516bd60bae0676a27e295e8c63db722ad20a073a1b2,local-history-only
evidence/polish/1920x1080-dpr2-victory.png,6121630,7df06d798309fdc5495b1f6a13b34237a71a14d4a326bcf9c31a6acb3a3c64c7,local-history-only
evidence/polish/960x540-dpr1-build.png,468111,53a1433b60a19384c996aaeeb7c69eba5eeab1a6a28d4ea6324911b0682c393f,local-history-only
evidence/polish/960x540-dpr1-failure.png,433956,74f48086531818684ee96cb21795c2ec5d97be8e35ea81edd2d55d576485d54b,local-history-only
evidence/polish/960x540-dpr1-pause.png,329994,80d6d63797bdbea70b97aed2113eaad555093d3b6420fb905503b6e079c2b671,local-history-only
evidence/polish/960x540-dpr1-upgrade.png,454049,7ade9e90c1eb89cc5cd29f253dc4974a807ae809fa54029fdd4192e740458c6a,local-history-only
evidence/polish/960x540-dpr1-victory.png,528829,89250cfb7ad2a4d032b17e876f1cc6e5c727d500292a1deb07ecf04de84dd0b1,local-history-only
evidence/polish/960x540-dpr1.5-build.png,961933,391664c7b92fab85970a3e2d731b2b0ccb8e39a16e474fd0a572d1a21a144f2a,local-history-only
evidence/polish/960x540-dpr1.5-failure.png,913914,44373a491589d8f42fce510b141c3182ba9a554c5dd20d78f529cf0446acdd7b,local-history-only
evidence/polish/960x540-dpr1.5-pause.png,677731,c96330717e5b8abcd504331f851b0327c79ce9f1cb4a2a23ccc5e8857e007b28,local-history-only
evidence/polish/960x540-dpr1.5-upgrade.png,981679,28c2ad63848d865b930ac199c2170dd101ec15d0fc986a3ae3831b4cc71d46fa,local-history-only
evidence/polish/960x540-dpr1.5-victory.png,1149905,110ee031f7df1cd33922a91364bc20f40577abb7d7dcc374545468e77a661e99,local-history-only
evidence/polish/960x540-dpr2-build.png,1563981,e64f4654e663af26494c0f03b5456d3f94eb52ebca9773a63374fe35b47a540f,local-history-only
evidence/polish/960x540-dpr2-failure.png,1515952,d9599696638284ac93456cb925efed31900a848d6df9e69b33a3b9224a8ba669,local-history-only
evidence/polish/960x540-dpr2-pause.png,1103993,df728123ce2b0cddb68724b1f8b10d4f513148bb6c7fe6397987c36fbaf313ca,local-history-only
evidence/polish/960x540-dpr2-upgrade.png,1585679,17f54cea46eb0a6f04d82bc27a40eb5ba8018f4ad326a9d560427b02207d0782,local-history-only
evidence/polish/960x540-dpr2-victory.png,1955841,4eb58b1f685c81c6f960abd6605869910653117176b89989227371f12d67056f,local-history-only
evidence/polish/before-git-status.txt,6773,38318aaf46b459117b7c114db990196c74951f3825de5dc7385d5fb00e2451c1,local-history-only
evidence/polish/build-clock-trace.json,2751,b280f97c8f83340b89703eba6212ee36d57d6c72aece1f886c0175396db5837c,local-history-only
evidence/polish/build-dense-rifle-scrolled.png,484451,5682f03e4f6aab982a1dd3beb5c3d21fe787503755dfcae2403103cbe5bd52df,local-history-only
evidence/polish/build-geometry.json,5194,9929383a1010b3f93ccbc287f8e4ae6e51dd0261a3e867d5d741b405f9b1dd1e,local-history-only
evidence/polish/build-rifle-960x540-scrolled.png,482935,c435ad3b8884eb78ee15bcd1c97cf1b2084d0f33a796a73488e4fadbb6f28883,local-history-only
evidence/polish/build-rifle-960x540-top.png,437909,64abff60088f4087e1ce96c73abbd79a316cada2e4bc68c8b831e130a475086d,local-history-only
evidence/polish/build-rifle-960x540.png,392760,0c00729dfbf016771f56a42225b1c42b7ee70322a013ce3e7d49a43402b2c748,local-history-only
evidence/polish/build-tesla-late-960x540-scrolled.png,491001,592c6d13ba84bd4415be225950bea70efdd553023bcbd93ea10043b40d53f10a,local-history-only
evidence/polish/build-tesla-late-960x540-top.png,444402,deb04b70caf427c9afe980cbeabadaf81669557077a2dffe67b8219c2e1a8ed5,local-history-only
evidence/polish/build-tesla-late-960x540.png,392637,e745e1f8cdda091139f7180333821098fce8efacc058b01faf814585b9be3b30,local-history-only
evidence/polish/diff-check.txt,460,62e889e980e2a8dcdefb80cff8a71d38527c3c95f56641d5d7854d0efb18ab30,local-history-only
evidence/polish/display-matrix.json,13640,fe91cfc70c80257f00b6eba6494f3394119eefd831ca75109b5f8bb7a6323ce9,local-history-only
evidence/polish/extra-rifle-capped-and-mutation.png,454642,0ac9e56cd59d0846591f48c8266dfdc14f17cc84d0f9e7e60451973362bfba6b,local-history-only
evidence/polish/extra-state-results.json,3700,7ea4c234a2704d8cf4132d08609ca3f64d8ed3620421cdba78e6343e4defa648,local-history-only
evidence/polish/extra-tesla-build-bottom.png,489572,cbfa0f2a62dc39d61bb82d407057bccf9adfaf1a0d941cca8f76dd0ae737d156,local-history-only
evidence/polish/extra-tesla-build-top.png,444129,345e08356eb39898c1bec9a66e21e04a71e86da41495f2d486ac787255513016,local-history-only
evidence/polish/extra-tesla-upgrade-normal.png,416723,4e8a3e90fc9b85f67d15bd3d466dad44f0ff40051be2bb4ad0f4cabbd337e505,local-history-only
evidence/polish/extra-upgrade-long-description.png,469037,11e8124838fbf79a79f6a2c6ed02a114caa744c0c11974b1b8910622d8954330,local-history-only
evidence/polish/failure-result-interaction.png,434317,12a99c3f15ccc72b710a2aabad2ff2d23358fc1368b6ebded57a22183e1fc8d1,local-history-only
evidence/polish/fallback-build-detached-visible.png,174841,58fb9552c87e4c7b16c05b7689216f70ee9bb589f5bed48fcc54c0bc56a60592,local-history-only
evidence/polish/fallback-dom-pause.png,151357,bb42b309e8d6736dd3c0fb23d5d994ce758dad3ba371d684f6caaf428f761ad1,local-history-only
evidence/polish/fallback-dom-victory.png,109554,9dc33b8f64f32356a5074be854ebe26c1557cc8253de41f820c430adc5729ed1,local-history-only
evidence/polish/fallback-missing-material.png,252314,158bd48ce9c788e316a652228f59cdb83a7d6ca1e2027717263687f00e36f8a2,local-history-only
evidence/polish/fallback-phaser-upgrade.png,124081,ed92ee2062f3b648e76e9802543b886e0be6841798495c010a54bac743860d45,local-history-only
evidence/polish/fallback-texture-pause.png,212332,4ca256fa0d2e5249008ce08c3ec43f2b8c1af6294d4342efdcb925029cd11248,local-history-only
evidence/polish/fallback-texture-victory.png,279699,f3e89da0e4735a06f092105c64b9eff2cf777d284a604d4a57262eba707fa4f8,local-history-only
evidence/polish/final-checks.json,776,917100e58449f2ea34cac7b7ad4e33eb43c68a845c34c55c4feabb8fe812365c,local-history-only
evidence/polish/final-checks.txt,155,e5844a3bb5068c5e573c182e94433cb45f8fea32d4806fb21ff0d969d3533236,local-history-only
evidence/polish/final-git-status-full.txt,13978,0f6472e7ef81f9e8fa313ea2e1e3d22be0dff55c2c5d691e54267840e964933a,local-history-only
evidence/polish/final-git-status.txt,644,d9d439c88cf93507c42a9fd4970df36c2fece31e4a9f5a35f390afedc4a26163,local-history-only
evidence/polish/gallery-check.json,4638,c92577944b5ada5885b0770c1b458707a68a58a43c29e1274a6568de5212f3c3,local-history-only
evidence/polish/interaction-results.json,1603,bf19966b66c23c5396fa5c178382443b7ce25ff5b1dd9777d3975d7195ff1343,local-history-only
evidence/polish/keyboard-results.json,360,ab389d5fbb986ed1f71c0d2fe68c8cc3c4ff15e5a11d4e5fe9c1a1296b75ac4a,local-history-only
evidence/polish/mission-failure-dpr1.png,400679,de1787cca56510ca14e2e5b2bf3baffb6429a07f6cd9504137437d88ac4f038d,local-history-only
evidence/polish/mission-failure-dpr2.png,1422401,f6db2c68489a9e2692f658e73536e6b6ed7eedb7ee67a8189e61838b5f674dd8,local-history-only
evidence/polish/mission-pause-dpr1.png,292886,edef5f71a121642b44788798e10a4126606d446d57909eeaadf6e3da416ef9f2,local-history-only
evidence/polish/mission-pause-dpr2.png,1045612,a45e814166d57243576bb5b19427b732bc77fc76c2cbb7a2c85abf427cd001f0,local-history-only
evidence/polish/mission-pause-long-facility-dpr1.png,325741,d02032665b2f1cd7a61cf399b26b0ffd0513aa5114865ff83e8c0353cf408fb0,local-history-only
evidence/polish/mission-pause-long-facility-dpr2.png,1102574,8c5280ea6363b1c57035100d2fe687e613a32f4ac055008adaaba7ee1ed66300,local-history-only
evidence/polish/mission-polish-checks.json,1909,0cf3d57841a1d97c088ce9ffb1ffd9ece0e2e7c5ee62aec66a4ad55fdac3d904,local-history-only
evidence/polish/mission-victory-dpr1.png,487351,98b97122cce0a91baca90c5b8ecaeb2f1275fad669d036135e3bde4ef979c32c,local-history-only
evidence/polish/mission-victory-dpr2.png,1819011,87c0c7cdf1f874802fa7ce81d2a74d6c45af4fb4ccd0e10dc133ed7e194b37c8,local-history-only
evidence/polish/natural-combat.png,78751,2f2df73e3a177aec990d98b3364959aefe05d251928b294319289b384cc467e4,local-history-only
evidence/polish/natural-first-upgrade.png,421965,f9e82684d04ed3802a3052b249c09d99967665f3d3e8c4805c2b14abf92cba3d,local-history-only
evidence/polish/natural-play.json,819,1560bd945add2190206653e6b0a86ec23cfdd4ba25a47bf9e8815e497b11c7db,local-history-only
evidence/polish/natural-ui-start-and-movement.png,98027,e7a6def0d222737b60b59074c405a3d7fb80b827450de79b282e807b7f4ca447,local-history-only
evidence/polish/npm-test.txt,73774,942b3a9caa5f1ad8a6621a2510fca2f78e27d0bdbb5ee9c03c83214c2bc43267,local-history-only
evidence/polish/pause-natural-after-camera-move.png,323866,30bc64aaf172f6d50fcb2cd2f3f19569b3e13fbbee4f0ca4206480e6768071ea,local-history-only
evidence/polish/pause-power-outage.png,312420,c5471d3d39fab4a970c0e2ed6a46894df289167a9d7bb983d470e3e9e959671f,local-history-only
evidence/polish/polish-build-geometry.json,5437,7c0e24c8beccdfbe6f667892b19626d56189ba821a33e57c6911bb577b34ec14,local-history-only
evidence/polish/polish-build-three-cell-geometry.json,7105,be735b97d899e7ba2eb159d996c2dc0175c48a03182c1a1a8a8baece174e95bc,local-history-only
evidence/polish/production-build-dpr2.png,1648436,eb18629dffbdb1b93f671fe0609b62a2239f989c386fd8f1043e007e2fbfee43,local-history-only
evidence/polish/production-build.txt,1049,0e016a79aa828db96ffd911ab5627a85387c76e2e8ba5ecf3d9562de0e32c694,local-history-only
evidence/polish/production-pause-dpr2.png,1118164,bb47c807ec75fcf0c629b9a37517e8b4d9f8a10a54a1d45e0ec801697a828658,local-history-only
evidence/polish/production-smoke.json,1249,33a6d259c8373c27f14f19e9dea2c7697e86c1443be57d7a6725b080d132028c,local-history-only
evidence/polish/production-title-dpr2.png,1243854,0bf46f58dad850d93b9966784d458db185fd02ba4c5d84cd378cc81ec0fe49a8,local-history-only
evidence/polish/regression-results.json,475,04e1c84fc886a549085a560ab87b9e00561402afe7c831890e87af9e7ad321ae,local-history-only
evidence/polish/tesla-cap-and-mutation.png,450751,1f96fb8c22ef0a9519e2642d77bdf43b08049ad98280918cab6ef45e317757db,local-history-only
evidence/polish/tesla-disabled-cap-and-active-mutation.png,484564,a9a6f322e9dd43736ad924c8af4c8f2868cef77c2bc7b6e3fbb105b8357b972c,local-history-only
evidence/polish/u1-rifle-selected.png,881008,725cf0ca31bc5506337bfc2c8458389eb3246995babc44f65fdc2165ec36c8cd,local-history-only
evidence/polish/u1-store-insufficient.png,825841,4a0ca25d3cda2ea7677cbb6e02ec95ebbff351246b9c5f2413892633663b4a2f,local-history-only
evidence/polish/u1-store-owned.png,828438,98ed7f8e6b6f63242861ac85fdde63b6eeb5516c3c6d340372b25f9d1883c4ea,local-history-only
evidence/polish/u1-tesla-selected.png,884021,79ec51fe83e6931478a5aedb5b937a641aa2a8b12e1c8a4c0b69a03ed4f16aff,local-history-only
evidence/polish/u2-boss-phase.png,107113,c9c4123020f34480f95db3889e95096ba050f9b35002cc5b15ed2e8a10d2ed8d,local-history-only
evidence/polish/u2-low-health-and-power-outage.png,132970,cfcc271b6ec03891761709e8846124944b7d7e0ab50ef7dd87c04fce7a34f956,local-history-only
evidence/polish/upgrade-focus.png,472646,ed631ccf755ec28da68b6898ef948c0fa7e215cd30c34fc0675ea9d347bd2b4d,local-history-only
evidence/polish/upgrade-hover.png,472646,ed631ccf755ec28da68b6898ef948c0fa7e215cd30c34fc0675ea9d347bd2b4d,local-history-only
evidence/polish/upgrade-pressed.png,473843,eed074679153ddad03c6bf25a24d2fbb2d4fd268b62c69d8005e645c53aa3d58,local-history-only
evidence/polish/upgrade-rerolls-exhausted.png,451247,d005005405d0354f9e3fe7093fddb05fd3729df6008d3b4f308b6792a39c2df2,local-history-only
evidence/polish/upgrade-selected.png,493704,a7346468148f890e6fb4babdd3c2c92b9a3d675792204f480c5118aab5d49ddf,local-history-only
evidence/polish/victory-result-interaction.png,524440,45149513b8e66a85abd9a31d81a6d2662886240aed475ed7b5b75b077ea7571f,local-history-only
evidence/preservation-results.json,2770,df9d82389aeaef7b1e306248291f930f02242f167be52aada7373a111eb06b9a,local-history-only
evidence/production-build-dpr2.png,1316393,55f4163d39f703ea4fdad572f97cab6fee94766f98538e7b09065c5949e104a8,local-history-only
evidence/production-build.txt,793,8432e29f826ee92b603ff1b3a493794febd2427a4c7a0f95ddc643052b7da54a,local-history-only
evidence/production-pause-dpr2.png,991012,60d575491fe2d0d8631f3049e0ddb29958874fae6adfd0c4e2caac3f8dd2aa1b,local-history-only
evidence/production-smoke.json,703,d19f82b9c48abd865b628cef3cead4d73c0f84b663f0655f0d4d787eefd69333,local-history-only
evidence/production-title-dpr2.png,1230375,b9030dca15919f15d438f7219ae57f674e2f2ee3db839b01dff54ebb6b2ee5cc,local-history-only
evidence/refine/1440x810-dpr1-build.png,1033389,f8d46650d8ded91ed9d8d1868444cc991817880177f5c17feb83183d19468665,local-history-only
evidence/refine/1440x810-dpr1-failure.png,953223,2ed351af1d5c58e7c5511db3235a31bbb86aa976fb23dfe8be9ca9ee7d7ff902,local-history-only
evidence/refine/1440x810-dpr1-pause.png,712497,b129d928ddb10db6f99fbbd5ef1f8e708da16d22d64bb082142e603aabb89237,local-history-only
evidence/refine/1440x810-dpr1-upgrade.png,1065379,250ad5b6e8045b66e5f0aea73a49096f9576e9f53926e210e52c5134e673e257,local-history-only
evidence/refine/1440x810-dpr1-victory.png,1172996,aa0de05bdfb191387a4e0797d82ccd920f02a8770ddf497090536a738f6d9b72,local-history-only
evidence/refine/1440x810-dpr1.5-build.png,2064046,6059a36a5706f35a628de1be14e5a55f00ee59b07558ebd37dd97d9ac14cc009,local-history-only
evidence/refine/1440x810-dpr1.5-failure.png,1956492,92e6faef9bd4767ed12d8cc8a7cd198dbcd4b1509edd0ffa1e864bda0570ac82,local-history-only
evidence/refine/1440x810-dpr1.5-pause.png,1434555,7f20b6cfffd50b62847a4359c3344625bbc1390f538e7cd4b0c08f6b314f87e6,local-history-only
evidence/refine/1440x810-dpr1.5-upgrade.png,2151494,f55753dee63afcb3b3ebd2b01d864cf75c10548b57c8b9f9808984d5b4a581dd,local-history-only
evidence/refine/1440x810-dpr1.5-victory.png,2513341,5c8f702fa6dd43dc41ea0b30f01a1a9ce3b84188f7adc4dddeb23c57c3baf6c7,local-history-only
evidence/refine/1440x810-dpr2-build.png,3293698,159aff39d75f5486af3f6afc7c9d52c63f6bfac348c9d236bd4bb2925542e1ae,local-history-only
evidence/refine/1440x810-dpr2-failure.png,3182385,4031fceeab7bd4888f3a38602e74437003d13132aa884e52fade053bc41c68e5,local-history-only
evidence/refine/1440x810-dpr2-pause.png,2281468,6659e8a8325593f964355f488e4a9442e9365477fdd2417e2fc84f1041077db3,local-history-only
evidence/refine/1440x810-dpr2-upgrade.png,3403596,fda7862cf67aa33f62beb0740c0a453c4e7105ea07110cc126ed39b708b110f1,local-history-only
evidence/refine/1440x810-dpr2-victory.png,4020308,4275e74d2c4291ab68a05a5e7e42b6f8371c30b5c1df819ded69c7de928dd73a,local-history-only
evidence/refine/1920x1080-dpr1-build.png,1681495,607341b85aa50d40cf714501b7ed7aa2a1324b6ff62f2c43f83f1ec189498a22,local-history-only
evidence/refine/1920x1080-dpr1-failure.png,1590547,6a972545885c232bedf6c27c1cc6fe59f775bbcb558ecc777f6b55e2820d01aa,local-history-only
evidence/refine/1920x1080-dpr1-pause.png,1172346,7061a9775aceda47686bc7a5a565711bf7bf58990a03dbc1726cb6df15771e97,local-history-only
evidence/refine/1920x1080-dpr1-upgrade.png,1694225,5fb3176004706bf094c63c646d01a072059b75c253e5ff48e9791f997f524dbf,local-history-only
evidence/refine/1920x1080-dpr1-victory.png,2010764,5e4db3574ee2ac0e50bdaf4413e82b95ed0ec2188b9398094f3eb9047d27b329,local-history-only
evidence/refine/1920x1080-dpr1.5-build.png,3293412,9cbfa1f69c6ac1785073afd05df06b48bf0bc128a110fd4a7edc863b4446b1f1,local-history-only
evidence/refine/1920x1080-dpr1.5-failure.png,3182360,bb09bde64c15d4e2c3f02556d699ffd53c04e4839b161fd2ea36db489b30eabb,local-history-only
evidence/refine/1920x1080-dpr1.5-pause.png,2279712,23905d3f73272a2c67022af693536e180f22349fd9671cc5b0d2edd25eb140f5,local-history-only
evidence/refine/1920x1080-dpr1.5-upgrade.png,3403489,d7e50b13fbc1f27e0e380aa878627a4b1cc37ef7fe8330ca72bfdff15d2e09d3,local-history-only
evidence/refine/1920x1080-dpr1.5-victory.png,4020307,e0176205856e6cbb6e0971d90f1ad0477067594ae91a430c20aaaa045a315abd,local-history-only
evidence/refine/1920x1080-dpr2-build.png,5214255,fc3287ab033f3808b4765d803436c3a2b6a1de43f11a817bb177324ca36f70c8,local-history-only
evidence/refine/1920x1080-dpr2-failure.png,5127759,1c15e6bb2a7d9950ffa59f363fd03f7449e5a1da20939e82a5d65192ce07b25a,local-history-only
evidence/refine/1920x1080-dpr2-pause.png,3636679,edf5061e9026b9710f6cd2818cd0dfe34da79fa8f7ff61dbf8e04913e76b1315,local-history-only
evidence/refine/1920x1080-dpr2-upgrade.png,5332384,75fd53e83d1bb6bc7e5f327d1e6845b3c3c9522653cc1e45115e252bb5553ae3,local-history-only
evidence/refine/1920x1080-dpr2-victory.png,6323381,54c024fde42493efd9058685bc3077ba228663db7896a58ac60f3ef0d95c6481,local-history-only
evidence/refine/960x540-dpr1-build-scrolled.png,526521,7fe20ec0fb69a87b4ecc2883cd2beaf7287a7d1b2233ae0b82bbc1c44d19f9f1,local-history-only
evidence/refine/960x540-dpr1-build-tesla-late-scrolled.png,531747,9df50d653c390f5864d6bbab67b2069c62858d7e64e0a7d33030ad577d422039,local-history-only
evidence/refine/960x540-dpr1-build-tesla-late.png,482140,be2e97c05588e99ff54b3a48637460a259c12db83af6e27d8a7c9c81eb9b2ee4,local-history-only
evidence/refine/960x540-dpr1-build.png,509107,f628db81194a2224a09f91d24db688b3fe78bd81b13b78777b802e2e53beaa4c,local-history-only
evidence/refine/960x540-dpr1-failure.png,454500,dbd34af0c43238292f44397d8d0f65604fdf3417012aac2b617b2f5c29e3d317,local-history-only
evidence/refine/960x540-dpr1-pause.png,347730,9a2b31889cd36841319cf2c231cae25152c81f77b5d3bb7d4dccf26635bc6276,local-history-only
evidence/refine/960x540-dpr1-upgrade.png,486055,4e19a136f5ebdd9a6decf00f9d2e48bb5f30d2d3aef806390ecc7ab67afe3718,local-history-only
evidence/refine/960x540-dpr1-victory.png,542863,4e2172d0b27e5dda812447f9d7f410a09920a25f45f2650bc083b9a6e38b6aff,local-history-only
evidence/refine/960x540-dpr1.5-build.png,1034522,27c178168104a016a4b60047279e25564ef36fd047ddff0bf0226e1f39d8b606,local-history-only
evidence/refine/960x540-dpr1.5-failure.png,953298,79b8570adeeb03aaf4f2f966973ed9035ec3a16349180887237ab400fc8f654d,local-history-only
evidence/refine/960x540-dpr1.5-pause.png,711768,54b33cc939247210dcfcb059a3a0a6cc332c61d1056a59bb889872379916f2ac,local-history-only
evidence/refine/960x540-dpr1.5-upgrade.png,1065466,ee478006a73158dcd455743a231aebd1b36b4481984b78ff9f3f78a697bc4e2b,local-history-only
evidence/refine/960x540-dpr1.5-victory.png,1172996,aa0de05bdfb191387a4e0797d82ccd920f02a8770ddf497090536a738f6d9b72,local-history-only
evidence/refine/960x540-dpr2-build.png,1683291,9ad7d558e1997b2397fdccdd2626c22c0aa003e35abf47da0b24ecf8df0503a7,local-history-only
evidence/refine/960x540-dpr2-failure.png,1590635,ef0095c1a3a7fa66cd7f885f448579cb4532444059346f77d2f577c8f7449408,local-history-only
evidence/refine/960x540-dpr2-pause.png,1172351,c98119a5ff6eefedc2a41870a303ce03865d7be946faaedcc053a0dc4e22c517,local-history-only
evidence/refine/960x540-dpr2-upgrade.png,1696702,f1e726c39d31e52ecf38fb5eb5850d5b3e0a2b58cec2ce86f61b0cd457d73dfa,local-history-only
evidence/refine/960x540-dpr2-victory.png,2010764,5e4db3574ee2ac0e50bdaf4413e82b95ed0ec2188b9398094f3eb9047d27b329,local-history-only
evidence/refine/build-dense-rifle-scrolled.png,527562,44c04abf7a7b88990e5864b250cc62b74d943edbf0222a41b4ea4cb6db298409,local-history-only
evidence/refine/diff-check.txt,574,454be2723b06b6ba4bfea36cca05d9eecd91ea9fd95fad4fc350b5d8f5a81149,local-history-only
evidence/refine/display-matrix.json,13634,75837cfe3250f8f3bb04895b771a2f4d3e5037e647849567cdd3aa331c7df1c0,included
evidence/refine/extra-rifle-capped-and-mutation.png,489746,0ddf919a7d5ab65fd91b067e1cdbcbc303db6235bc7c70d5a0add967fdf63b39,local-history-only
evidence/refine/extra-state-results.json,3735,cd49898cfe8c3d9ff05398c97e5008d05d0f365246852c9d7d55a8e2a13cd094,included
evidence/refine/extra-tesla-build-bottom.png,529702,f038aaf8e275405a59a13668fc211b89d9240ec696a6fdaf271da46141f3621e,local-history-only
evidence/refine/extra-tesla-build-top.png,479267,854c3800fe7e2c2589ea5eac1c4bd3301e54956e164128fed2275859f229205b,local-history-only
evidence/refine/extra-tesla-upgrade-normal.png,445788,a88c00a5e1154ee5e5590803b4d4f6c1f697d083c7fe307f9d03c8f219132b87,local-history-only
evidence/refine/extra-upgrade-long-description.png,505067,9267743df414fafecb0fde5e35907b937d4d850a710e61a3a1152b1f3c6d143a,local-history-only
evidence/refine/failure-result-interaction.png,454936,efe082a61f14a850265e06a350c6dc464d2a312aaf5e152a76373de656a40165,local-history-only
evidence/refine/fallback-build-detached-visible.png,173135,88288d9fdd56a50fa4d98e80bca29b0c429f5608be67e62fa7414bafb963f37e,local-history-only
evidence/refine/fallback-dom-pause.png,151342,3c44af4bd05798eab85ecca0b325f5a6e499bde72d1d2bb8df8fbcae316ccaca,local-history-only
evidence/refine/fallback-dom-victory.png,142164,7705fd85868182cd92743687ea1758644f5f7ab7cc804b6a46cc391b79186f76,local-history-only
evidence/refine/fallback-missing-material.png,263810,a8374aaa47f19bf96b59f56fbe7063fee168c3d785715f7fb1183d811744c000,local-history-only
evidence/refine/fallback-phaser-upgrade.png,107233,00c44bc183cc66d17c2042c4572246ac153d583d5c20cd5c34fafdf63dc188f0,local-history-only
evidence/refine/fallback-texture-pause.png,214473,5ff78904a830b137b1489530e5d26379fb6a6fa10caee5acf2ac6114fa785921,local-history-only
evidence/refine/fallback-texture-victory.png,289316,9c555771cf63f08f0700282e19c0054086856ab2d2cfc42857cd4be50b7b1481,local-history-only
evidence/refine/final-checks.json,1115,eea217944a6723214479b0dc4a303264a63cc2c372a8d8f81509940d85e19a6d,local-history-only
evidence/refine/final-git-status-full.txt,20770,b2b55b94c1167279230839bb82d0cf1b69c5dbdb77f12999b8452d09161ae67b,local-history-only
evidence/refine/final-git-status.txt,700,c51b24f0bdfbc8c6cd71775ce765a95402f3473fb1dfca2f3cf83fe80afb09c6,local-history-only
evidence/refine/first-display-ab.json,290697,beba87d587a1940fadda659ae0f0951637bca62435ed14639f4e287bbb27d38d,local-history-only
evidence/refine/gallery-check.json,4124,4bc92f27cf1b67b2c5a18d16ca2f80f81f7ae4a84dd7c61cfc2c31c4db61313c,local-history-only
evidence/refine/gallery-third-round.png,656221,5a5147a0106576fff5e5fc443c94ab684f21a54c3a560c9b687ebe5915ed058b,local-history-only
evidence/refine/interaction-results.json,1603,0c5a45d7394347c1a3607562319b5668804aed43d76a365c99aafbdda03db144,local-history-only
evidence/refine/keyboard-results.json,360,ab389d5fbb986ed1f71c0d2fe68c8cc3c4ff15e5a11d4e5fe9c1a1296b75ac4a,local-history-only
evidence/refine/mission-failure-dpr1.png,442152,45465732ce3592face8cff3da2c67176f383b3294f5f1ab03df50d73b308d9a5,local-history-only
evidence/refine/mission-failure-dpr2.png,1590500,9076b3b3b8b66bb41ccb4a5616cae7993f5e7cb8c1749fb9055552589efcbb58,local-history-only
evidence/refine/mission-pause-dpr1.png,336852,7a8b0d7eb6d6319841d8f85bee67187519136fec358a4a9c120e22df6a24e0b9,local-history-only
evidence/refine/mission-pause-dpr2.png,1175197,9f27a8886f18cebca72c4ff2138108d5a48c9a42186dc0833f523b55da8699c2,local-history-only
evidence/refine/mission-pause-long-facility-dpr1.png,353450,b5993aabb1cb140abcaba534f6b35d9c01c76dadb1175a606141855085cec520,local-history-only
evidence/refine/mission-pause-long-facility-dpr2.png,1230427,10d158741ee947bafea14e2900f2f272dd5eee0b9a377b4e34cb7ebebce95d98,local-history-only
evidence/refine/mission-polish-checks.json,1909,0cf3d57841a1d97c088ce9ffb1ffd9ece0e2e7c5ee62aec66a4ad55fdac3d904,local-history-only
evidence/refine/mission-victory-dpr1.png,529027,3543e5621137ca61b2a906435fc7b2ecc13d99ef2e727f6f6639402eb030c861,local-history-only
evidence/refine/mission-victory-dpr2.png,2010589,43ab6e2f4c585317bbe8e968f8ae8c39fcfb4c2b1108b1f5c48a5fc5848231ad,local-history-only
evidence/refine/natural-combat.png,41998,841acea569ec39bab3cb8f77a77caf525009896b0ee9ec82190b51e857c7b370,local-history-only
evidence/refine/natural-first-upgrade.png,458294,b18c943498ba97ad83d613ab7df5372d6e7d6e69bdc95b4ed2f23f641bb5dc28,local-history-only
evidence/refine/natural-play.json,819,2f45ceaad0d1eb892ef57e88777eb9a9316866e503c2c3a721959d74a766f4f5,included
evidence/refine/natural-ui-start-and-movement.png,98355,01285015875642a95fb3b9b1f52118f5a12d9e60c483f03376162de3b41e09d4,local-history-only
evidence/refine/npm-test.txt,73931,9bb7f7dca63b235094a0334e56a7e52c7ae2a233c43b7f203f063bc9f8c3b39b,local-history-only
evidence/refine/pause-natural-after-camera-move.png,341682,460a2ef8559aeabdb548c6b54dc8eb704725580fae5c7e6a8604a8c99f1a0f7c,local-history-only
evidence/refine/pause-power-outage.png,332326,cf1636b25c574587bf22f68bc64f63ce391bea1fc2df2ad08a5fa18c49fba977,local-history-only
evidence/refine/pause-sequence-before.png,1185678,6502fee8e29898efb44daaeacbcfd0df7429a358225f4c9f2ed27f3faee85a72,local-history-only
evidence/refine/pause-sequence-debug.json,9409,e1abf6410ec3567282d8a77334c096ab4ef1fcf82e5668badada81b5680a93fe,local-history-only
evidence/refine/production-build-dpr2.png,1799679,570b1b9af9b64bf21fcbd130fd73cc59d71fd746696ab7430b094c2dfabe2a8b,local-history-only
evidence/refine/production-build.txt,1049,8419d4ae40bd00bd6ebfc313c3d9050e9bfc2fb5e351eb012a10153b60cee959,local-history-only
evidence/refine/production-pause-dpr2.png,1185678,6502fee8e29898efb44daaeacbcfd0df7429a358225f4c9f2ed27f3faee85a72,local-history-only
evidence/refine/production-smoke.json,1278,bd260eee3541382d1e9def0e06d3fa22a20a491c2872d0129a002ef9f2d1a02c,local-history-only
evidence/refine/production-title-dpr2.png,1228671,9695b39491f0cc17ace10fb227892fac21309f76a15b197768d10ff5334f6008,local-history-only
evidence/refine/refine-build-geometry.json,10408,8b27c7869dee6da1e0fc4dee861bae29b2208c422efb13f64272e345e1954cda,local-history-only
evidence/refine/regression-results.json,475,04e1c84fc886a549085a560ab87b9e00561402afe7c831890e87af9e7ad321ae,local-history-only
evidence/refine/tesla-cap-and-mutation.png,481671,a465a4fbc3c2f34877f6ae08992197bff31998361bca28fabc64a8405e191739,local-history-only
evidence/refine/tesla-disabled-cap-and-active-mutation.png,506027,fd29c86afda2e81bb9b18de074a6e5b7e118d53e05e1d90f122fd584149ee101,local-history-only
evidence/refine/u1-rifle-selected.png,881008,725cf0ca31bc5506337bfc2c8458389eb3246995babc44f65fdc2165ec36c8cd,local-history-only
evidence/refine/u1-store-insufficient.png,824381,dc7b4fefde7f50929afd4536e0e545a1cf581c46c7822da76efe32ae85ccdace,local-history-only
evidence/refine/u1-store-owned.png,828438,98ed7f8e6b6f63242861ac85fdde63b6eeb5516c3c6d340372b25f9d1883c4ea,local-history-only
evidence/refine/u1-tesla-selected.png,884021,79ec51fe83e6931478a5aedb5b937a641aa2a8b12e1c8a4c0b69a03ed4f16aff,local-history-only
evidence/refine/u2-boss-phase.png,106560,bf3933c9bb930ab8344f80e8eaab7ff5ce0feee4f7e52f97a866227130ee0d24,local-history-only
evidence/refine/u2-low-health-and-power-outage.png,128451,9fb9ef343000425a72c40ea582ed928651e0c864e6e0c0ce2da67ac5056a4f9f,local-history-only
evidence/refine/upgrade-focus.png,496501,6c937cd62140aeeb8bf24e59fa12ee10a79e02d2bd0b50a7180a9a855d54ae23,local-history-only
evidence/refine/upgrade-hover.png,495185,0b9634fc6146d5589ef128135a0630603fc9c666030cb33554c48a4f8fb0f276,local-history-only
evidence/refine/upgrade-pressed.png,503830,8643ba1c7a32cf5f3af2de3594c471f3b9b080b84f9c506fb8f209741c5cc1bb,local-history-only
evidence/refine/upgrade-rerolls-exhausted.png,489230,320c03ffaa437cef638f700a955ee03b5af7e92542a3ca9d7c94a12f610f9914,local-history-only
evidence/refine/upgrade-selected.png,514729,9e2231794bb416fe83258e3d0db37501f21a799483e18ea0b9f17c0bc4d5e803,local-history-only
evidence/refine/victory-result-interaction.png,538766,3cf3515de4391369e56189592f1dd606a324f434cf651ead8a55bf4ab479d322,local-history-only
evidence/refine/weapon-fit-results.json,1054,442532f57ad6de171e4198dd2541cfee794312cb18f48114663dd88719d07e97,included
evidence/refine/weapon-fit-rifle.png,498895,0e9440bc04dcb40cfa88a7db521a16cab8d9c62c24c444d64e2561e7ceeae279,local-history-only
evidence/refine/weapon-fit-tesla.png,502282,079937321df5a12d4bd3e282957611a9e0372f66a58329269c980702172338ca,local-history-only
evidence/regression-results.json,475,04e1c84fc886a549085a560ab87b9e00561402afe7c831890e87af9e7ad321ae,local-history-only
evidence/tab-toggle/build-dense-rifle-scrolled.png,527339,6b04dfd1e856f8ec7b3fdcdcabff51c3ae76c015ed7de323eab9d179d1880cb5,included
evidence/tab-toggle/diff-check.txt,697,3c6993620dd61c0522477a42b281ab90a49e53649e97eaa17c2df6b5a7c8797c,local-history-only
evidence/tab-toggle/failure-result-interaction.png,454939,cd6c11705236dd3cd780f3f700cdb3e7616ccada39cd3f9d0dbdb02ded658635,included
evidence/tab-toggle/fallback-build-detached-visible.png,174306,84318f45ff4bdc92b7be74f24cee8d21d6ff4cdbfe4a7ad2aaab2c955a53d30e,included
evidence/tab-toggle/fallback-dom-pause.png,151611,0e935bde4f0f4caf424d5649bd92b81bcb70e18a647c3dc237c1f0047e05c500,local-history-only
evidence/tab-toggle/fallback-dom-victory.png,149099,84075e3c6dd51c7c99093c5cba15839bf63eae77454581aebd63754e543aa42a,local-history-only
evidence/tab-toggle/fallback-missing-material.png,262588,cb85f392b20c91e923b1d2829246289f9557a0103e8b561c38948230c06400cb,included
evidence/tab-toggle/fallback-phaser-upgrade.png,139807,127ea3e6e0e4d3c1c305338dffdebc123ee4eaac62adaf8b287539a691e710a8,local-history-only
evidence/tab-toggle/fallback-texture-pause.png,214473,5ff78904a830b137b1489530e5d26379fb6a6fa10caee5acf2ac6114fa785921,local-history-only
evidence/tab-toggle/fallback-texture-victory.png,289317,dd953acac408aa19a0a3e615c6fc326f26453e462528495f5b1e69a57391655f,local-history-only
evidence/tab-toggle/final-checks.json,602,22a57cd6d29e1191b4f20b79f77686bab7959dc77c7bd0b282567b577c86efb0,included
evidence/tab-toggle/git-status.txt,733,d1cf16cd07108eff097716d9932fe3cdc8b9aa9c74edc5ce13f9757e6daa49f4,local-history-only
evidence/tab-toggle/interaction-results.json,1646,e843293502ef90f904fa0d3d039bb9afee274711654872fb52aa8786a2e91387,included
evidence/tab-toggle/keyboard-results.json,363,33b4e609808db65540efdc4f45b943b73e9faab2bf4e0b553c61efb53788460a,included
evidence/tab-toggle/natural-ui-start-and-movement.png,97829,967c98961b7d151d4849e6cfc5bfa429809039773ee961689b86ae510d513095,local-history-only
evidence/tab-toggle/npm-test.txt,74687,e222cf957fc442602053edd011f17d307eab3ca8299d8a52cf14e6bfeb6a695e,local-history-only
evidence/tab-toggle/pause-natural-after-camera-move.png,341196,359facd1564952517de26bb6fa2e432b2d6792f09a41f01a7abe4ddfdcb0b067,included
evidence/tab-toggle/pause-power-outage.png,330382,ce0fdb99bdce582531301af9b866c3d70b8f5003e259e21434ee64bb907424dd,local-history-only
evidence/tab-toggle/pause-sequence-before.png,1184339,4b1b8357a4f267529205f88509285626405c3ce7f725b3fd418ff9f6a92b0dc2,local-history-only
evidence/tab-toggle/pause-sequence-debug.json,19561,519a42254fac7d98584a9d976377fd8f74af14dc29ccebb7ed7b9c68cbd2bcad,included
evidence/tab-toggle/pistol-tab-paused-dpr1.png,498611,d9365189fdf426f70a678ec23bc587a716e8418af3177282fbe3636be986604b,included
evidence/tab-toggle/pistol-tab-paused-dpr2.png,1788377,54ea72e786e4bccc9358a3bc98fe3d63177018eefa5a664380099f55a294af4e,included
evidence/tab-toggle/production-build-dpr2.png,1798232,b666d012ecec2a7dbb3e1b92022d53d7c58989ebbad00ffaebfd013e6c2c60a0,local-history-only
evidence/tab-toggle/production-build.txt,1049,1d23d4a2fb6f290969ccca6279335e2cf4ac85ae8f80a4d2ff0d79f091c76547,local-history-only
evidence/tab-toggle/production-pause-dpr2.png,1184339,4b1b8357a4f267529205f88509285626405c3ce7f725b3fd418ff9f6a92b0dc2,local-history-only
evidence/tab-toggle/production-smoke.json,1282,4dae07cfa5a0120cca96297e506a3c9a60bf0c1a0380abd8fdc388b598dfd8fd,included
evidence/tab-toggle/production-title-dpr2.png,1244321,c290ecc4a1cc773ecc73c6be7c7583fac13a67f3e9d63ce514fd58b358e40f26,local-history-only
evidence/tab-toggle/regression-results.json,475,04e1c84fc886a549085a560ab87b9e00561402afe7c831890e87af9e7ad321ae,included
evidence/tab-toggle/tab-fallback-legacy.png,144241,b14349db5debb22a3af4f5999c763ab468a14f6b908f3a4f92820468e7b68a68,local-history-only
evidence/tab-toggle/tab-fallback-none.png,105423,f5226f2b6dc94cfcdc337fb2f2779833745bc784d1f35a074c353394007709b0,local-history-only
evidence/tab-toggle/tab-fallback-terminal.png,160516,c65e86d279aa1f3de21a654b681dfa9dbc6d71dfae02abcec739ac83bd549639,local-history-only
evidence/tab-toggle/tab-toggle-check.json,3445,eab00c981079a7aa429f3f222e8437833751dfe19cbac7d3c77986a7b22c0497,included
evidence/tab-toggle/tesla-cap-and-mutation.png,480468,69ec908e6849a1c2a49033f359ff63b785bc725f2cece23cb9356078b101d838,included
evidence/tab-toggle/tesla-disabled-cap-and-active-mutation.png,506026,d9834a534b8036b955e00e6e9be8f2bc87e45da4873f653a216ff3e97e787846,included
evidence/tab-toggle/tesla-tab-paused-dpr1.png,501987,2192abaaf3a825ccc43cb999117478d13b29e136ef85348e4009feb6f518301f,included
evidence/tab-toggle/tesla-tab-paused-dpr2.png,1800382,2724ee3ba18a02333f32978d7c49f8fa235a9c750d9c282730fd88345f077a18,included
evidence/tab-toggle/u1-rifle-selected.png,881008,725cf0ca31bc5506337bfc2c8458389eb3246995babc44f65fdc2165ec36c8cd,local-history-only
evidence/tab-toggle/u1-store-insufficient.png,826528,66dd1a7189999c6d4e1029ef9f56a7c8813d0f8f5f60ec3f34cb85352403d2d6,local-history-only
evidence/tab-toggle/u1-store-owned.png,828438,98ed7f8e6b6f63242861ac85fdde63b6eeb5516c3c6d340372b25f9d1883c4ea,local-history-only
evidence/tab-toggle/u1-tesla-selected.png,884021,79ec51fe83e6931478a5aedb5b937a641aa2a8b12e1c8a4c0b69a03ed4f16aff,local-history-only
evidence/tab-toggle/u2-boss-phase.png,107059,057c2d96d2272bddc13a97756771989f9cf542a33039e40a164a095848ffcd6d,local-history-only
evidence/tab-toggle/u2-low-health-and-power-outage.png,134530,66544d9db375b0d1929df359f4c1d3bee85c17beff4b155c9466c89f7135c705,local-history-only
evidence/tab-toggle/upgrade-focus.png,496273,7ceea8a6c2bf85de7265f81e7aa0bac185335fc5d346efcbf9e7fa0cb48c358f,included
evidence/tab-toggle/upgrade-hover.png,495567,b82b02af1544ee4b96a8d57c16287e1f1bbc0740df7239616c933d35e8ea28ba,local-history-only
evidence/tab-toggle/upgrade-pressed.png,502924,3237e3dbef17ca5b7936450ee2bf47b7088cbb3c2d7806487773b01c7ba5cb00,local-history-only
evidence/tab-toggle/upgrade-rerolls-exhausted.png,456105,5ff1cb7df6e90cd625624428ff79bf742ed6353a3d06d57fbadf4b2c3cf55757,included
evidence/tab-toggle/upgrade-selected.png,514658,1bac1af35f7bf86e22bd317fc384147739b39e4de141c63396036f9280b14c18,local-history-only
evidence/tab-toggle/victory-result-interaction.png,538780,d5fa66242d540da9c974b3ea1a29bd315184cbe94dad3916f5866951ae27d376,included
evidence/tesla-cap-and-mutation.png,348522,1007f97f880243d532caf01b05fcccd656104d9bbdcec0400a3cc956a587f3e0,local-history-only
evidence/tesla-disabled-cap-and-active-mutation.png,424996,f3d805cbf8d1234fbe7d135371bd5dda34c03673922ca8e19ead471ea0b1536a,local-history-only
evidence/u1-armory.png,874287,d5d38535db296a1b191011c8e9fd94b9ecbacbc921838adfc31781c22e84842b,local-history-only
evidence/u1-rifle-selected.png,881008,725cf0ca31bc5506337bfc2c8458389eb3246995babc44f65fdc2165ec36c8cd,local-history-only
evidence/u1-store-insufficient.png,822435,ff2cd0beb9ece0254f31c8c8b55fc688545816604c1bc736d38fd48d122fcbe8,local-history-only
evidence/u1-store-owned.png,828438,98ed7f8e6b6f63242861ac85fdde63b6eeb5516c3c6d340372b25f9d1883c4ea,local-history-only
evidence/u1-tesla-selected.png,884021,79ec51fe83e6931478a5aedb5b937a641aa2a8b12e1c8a4c0b69a03ed4f16aff,local-history-only
evidence/u2-boss-phase.png,108246,2b58cdb5a143268bbbf90fb4fe5097b4434c4870aa1297bd77011a901225f482,local-history-only
evidence/u2-low-health-and-power-outage.png,128307,adf17197952577746ce2d9595a660ab4db16a05594a89cb9d43e62dbb44d9972,local-history-only
evidence/upgrade-focus.png,352337,588d75f9695f214fd3edd2733f5466040521114a96e5da481a4509f91ea64cbe,local-history-only
evidence/upgrade-hover.png,352337,588d75f9695f214fd3edd2733f5466040521114a96e5da481a4509f91ea64cbe,local-history-only
evidence/upgrade-initial.png,322552,4b60b1482a09a786e56c0ac717a5f7f6e071d31e0eca75e3c78220b53c51e533,local-history-only
evidence/upgrade-pressed.png,357683,54e9b1975e128f8f0dd11cfe5596df714d9bf832bb3bc63a8c6dd7a7358cda24,local-history-only
evidence/upgrade-rerolls-exhausted.png,328930,a52e7a824dd43a0d36c331d2d3c6d2ca45b75c2449747a8096038b8625406be1,local-history-only
evidence/upgrade-selected.png,421084,b3882f55bd953d35d8fdc75e7bd427d765ddca3168e2236792c96641aaa32d97,local-history-only
evidence/victory-initial.png,426393,bf62299c49429ad4f624f4cabb37e7dccf96fe09df574d0136f84123c2a38453,local-history-only
evidence/victory-result-interaction.png,419316,0b3187c5c896f841cbd1d67cae1fdef74ea771f477d27da0f39189e36bc9a176,local-history-only
evidence/visual-smoke-output.txt,14731,cefb50edc345e4a9a01f33c35eed93a1d78bc2dac061da04e9d72fad4a0ad79a,local-history-only
gallery.html,6986,8e16b4082f5716477e779747d4c6b880c0aba8564b4a108d39e1bb2781607fcb,local-history-only
implementation-plan.md,5536,1781e39146405cd658747c8c7d694190ce43d6dd53e8a349045c0be091e7e39f,local-history-only
mission-report.md,3175,89e0a9c36d983a4abec1865171c113075efefcc937a1a7fe00b97f3d2af3c9b7,local-history-only
polish-build.md,3244,5d62996ed74491b40a2c84c2186788a3bef819bd124cbdde094acc6dfacc32cc,local-history-only
polish-mission.md,3547,474cc523c212c6c0e25a8fe431490cc4a15a227c0ee5d86455e85c93a7240412,local-history-only
polish-report.md,8080,9405140e558f797fa40759867883ce98eb7103aec9430cf915e966b8f64671c9,local-history-only
polish-review.md,5337,5f6b22f2019aa143c4f1fdc81cf305371357d123d887e5d50fbf32e1e3a866e1,local-history-only
progress.md,3957,e4695f1fc38822dc3137a3e59c90f937ec9b95bfbc46226a3642030e3c1d765b,local-history-only
refine-build.md,3884,1adc0b73fd2f2d2ab82893bccd89a3ad347dac9f3dc749d68b0a2d581f03114b,local-history-only
refine-mission.md,2546,42fdd993c34919328bb5b7a7011b3fc4c502537b2764e6a7991876dda1562c14,local-history-only
refine-plan.md,954,a248bfa2e4446c6c8e871a8ec3925c50d6529e277bba1cc8fcc8d29816af0244,local-history-only
refine-report.md,7648,270f21108d7e1ed4302df45af7b1c60aac18dd163ee6391bd5e0678705dbb8fa,local-history-only
refine-review.md,8935,bb711df4265ec600dd82454da46ef446c682447adedcb33b009f340048efece5,local-history-only
review.md,2240,56fdf8f9b00fc84a3b7f988bdfac6b128f44dc314e6a5a78c27df7ec043187a8,local-history-only
tab-toggle-report.md,3560,3070e414bd0ef4d145fb9bd3efcd085744010ad51f2e06d19df9cfbd58519af4,local-history-only
upgrade-report.md,4666,74a65efe0188bb78b2d6519c35b754f399a34a78326071e01b7e2d5c7bd80c9b,local-history-only
worktrees-before.json,26686,982578c1c07695c35fb11ba24474e2d25cbf4d5cab42798a08a9527c5c9feac0,local-history-only
